[
  {
    "id": "14274569-f150-4264-8f48-39555114b0cb",
    "data": [
      {
        "text": "okay ",
        "userDefined": false
      },
      {
        "text": "book",
        "alias": "book",
        "meta": "@book",
        "userDefined": false
      },
      {
        "text": " an ",
        "userDefined": false
      },
      {
        "text": "appointment",
        "alias": "appointment",
        "meta": "@appointment",
        "userDefined": false
      },
      {
        "text": " there",
        "userDefined": false
      }
    ],
    "isTemplate": false,
    "count": 0,
    "updated": 0
  },
  {
    "id": "6ba09ae5-2fed-4e84-b6dc-6edeed30b5fa",
    "data": [
      {
        "text": "book",
        "alias": "book",
        "meta": "@book",
        "userDefined": false
      },
      {
        "text": " an ",
        "userDefined": false
      },
      {
        "text": "appointment",
        "alias": "appointment",
        "meta": "@appointment",
        "userDefined": false
      },
      {
        "text": " to the clinic ",
        "userDefined": false
      },
      {
        "text": "tomorrow",
        "alias": "date",
        "meta": "@sys.date",
        "userDefined": false
      }
    ],
    "isTemplate": false,
    "count": 0,
    "updated": 0
  },
  {
    "id": "d4ed1f7a-2c21-44ac-8db5-02bac03db0fd",
    "data": [
      {
        "text": "book",
        "alias": "book",
        "meta": "@book",
        "userDefined": true
      },
      {
        "text": " me an ",
        "userDefined": false
      },
      {
        "text": "appointment",
        "alias": "appointment",
        "meta": "@appointment",
        "userDefined": false
      }
    ],
    "isTemplate": false,
    "count": 0,
    "updated": 1510115157
  },
  {
    "id": "475f775a-2520-482c-8402-f7e24956ef96",
    "data": [
      {
        "text": "book",
        "alias": "book",
        "meta": "@book",
        "userDefined": false
      },
      {
        "text": " an ",
        "userDefined": false
      },
      {
        "text": "appointment",
        "alias": "appointment",
        "meta": "@appointment",
        "userDefined": false
      }
    ],
    "isTemplate": false,
    "count": 0,
    "updated": 0
  },
  {
    "id": "2e5779b3-1bff-4fe7-9b18-2502e8f0e1ff",
    "data": [
      {
        "text": "book",
        "alias": "book",
        "meta": "@book",
        "userDefined": false
      }
    ],
    "isTemplate": false,
    "count": 0,
    "updated": 0
  },
  {
    "id": "f72d2281-836a-40b8-a556-dd2ee802c158",
    "data": [
      {
        "text": "Can I ",
        "userDefined": false
      },
      {
        "text": "make",
        "alias": "book",
        "meta": "@book",
        "userDefined": true
      },
      {
        "text": " an ",
        "userDefined": false
      },
      {
        "text": "appointment",
        "alias": "appointment",
        "meta": "@appointment",
        "userDefined": false
      }
    ],
    "isTemplate": false,
    "count": 0,
    "updated": 1510115157
  }
]