[
  {
    "id": "d0a9353e-f7b3-4a5e-a059-da4f3b6e796e",
    "data": [
      {
        "text": "cancel",
        "alias": "cancel",
        "meta": "@cancel",
        "userDefined": false
      },
      {
        "text": " that",
        "userDefined": false
      }
    ],
    "isTemplate": false,
    "count": 0
  },
  {
    "id": "ccdb242a-dff3-4af7-bf91-ed1928d8467d",
    "data": [
      {
        "text": "cancel",
        "alias": "cancel",
        "meta": "@cancel",
        "userDefined": false
      },
      {
        "text": " ",
        "userDefined": false
      },
      {
        "text": "appointment",
        "alias": "appointment",
        "meta": "@appointment",
        "userDefined": false
      }
    ],
    "isTemplate": false,
    "count": 0
  },
  {
    "id": "3f7be6ea-3e28-45b8-993b-6f5938e474ca",
    "data": [
      {
        "text": "clear",
        "alias": "cancel",
        "meta": "@cancel",
        "userDefined": true
      },
      {
        "text": " my ",
        "userDefined": false
      },
      {
        "text": "schedule",
        "alias": "appointment",
        "meta": "@appointment",
        "userDefined": true
      }
    ],
    "isTemplate": false,
    "count": 0,
    "updated": 1510115959
  },
  {
    "id": "6b4baaa7-b011-4d52-b4f4-978da6077be2",
    "data": [
      {
        "text": "cancel",
        "alias": "cancel",
        "meta": "@cancel",
        "userDefined": false
      },
      {
        "text": " the ",
        "userDefined": false
      },
      {
        "text": "appointment",
        "alias": "appointment",
        "meta": "@appointment",
        "userDefined": false
      }
    ],
    "isTemplate": false,
    "count": 0,
    "updated": 0
  },
  {
    "id": "902f33aa-8fa2-4575-8604-761c85645a3c",
    "data": [
      {
        "text": "cancel",
        "alias": "cancel",
        "meta": "@cancel",
        "userDefined": false
      },
      {
        "text": " the ",
        "userDefined": false
      },
      {
        "text": "appointment",
        "alias": "appointment",
        "meta": "@appointment",
        "userDefined": false
      }
    ],
    "isTemplate": false,
    "count": 0
  },
  {
    "id": "a324cb40-8eac-4ecf-abe8-74c7882b5799",
    "data": [
      {
        "text": "remove",
        "alias": "cancel",
        "meta": "@cancel",
        "userDefined": true
      },
      {
        "text": " all my ",
        "userDefined": false
      },
      {
        "text": "appointments",
        "alias": "appointment",
        "meta": "@appointment",
        "userDefined": false
      }
    ],
    "isTemplate": false,
    "count": 0,
    "updated": 1510115959
  },
  {
    "id": "c8f37bac-553e-404a-a09d-ac6c5c2a3d70",
    "data": [
      {
        "text": "cancel",
        "alias": "cancel",
        "meta": "@cancel",
        "userDefined": true
      },
      {
        "text": " all my ",
        "userDefined": false
      },
      {
        "text": "appointments",
        "alias": "appointment",
        "meta": "@appointment",
        "userDefined": false
      }
    ],
    "isTemplate": false,
    "count": 0,
    "updated": 1510115959
  }
]