[
  {
    "id": "e98a92c8-5a75-4fe0-8e2d-693ee3412e3f",
    "data": [
      {
        "text": "I agree",
        "userDefined": false
      }
    ],
    "isTemplate": false,
    "count": 0,
    "updated": 1510483711
  },
  {
    "id": "ae2daff3-a4a8-4a57-a223-a9cffde82ae6",
    "data": [
      {
        "text": "I don\u0027t mind",
        "userDefined": false
      }
    ],
    "isTemplate": false,
    "count": 0,
    "updated": 1510483711
  },
  {
    "id": "00621882-e4b8-40ac-be4c-2521807e8949",
    "data": [
      {
        "text": "thats correct",
        "userDefined": false
      }
    ],
    "isTemplate": false,
    "count": 0,
    "updated": 1510483711
  },
  {
    "id": "a75d4e80-c50d-475a-9e43-020c6b7eac9c",
    "data": [
      {
        "text": "sounds good",
        "userDefined": false
      }
    ],
    "isTemplate": false,
    "count": 0,
    "updated": 1510483711
  },
  {
    "id": "d1e6270e-f5c8-48d8-b7d1-2b9b5e04fd57",
    "data": [
      {
        "text": "of course",
        "userDefined": false
      }
    ],
    "isTemplate": false,
    "count": 0,
    "updated": 1510483711
  },
  {
    "id": "ff63d1cf-3ef1-486b-ab26-31ddc17ec6b0",
    "data": [
      {
        "text": "confirm",
        "userDefined": false
      }
    ],
    "isTemplate": false,
    "count": 0,
    "updated": 1510483711
  },
  {
    "id": "c6eac8e1-f0ca-4a34-b3a1-5b6b4455df63",
    "data": [
      {
        "text": "exactly",
        "userDefined": false
      }
    ],
    "isTemplate": false,
    "count": 0,
    "updated": 1510483711
  },
  {
    "id": "cb38d84b-d9f2-47f7-8c82-6ad9a9342053",
    "data": [
      {
        "text": "sure",
        "userDefined": false
      }
    ],
    "isTemplate": false,
    "count": 0,
    "updated": 1510483711
  },
  {
    "id": "bbb2d72c-987c-4474-a53b-e5237b43a36e",
    "data": [
      {
        "text": "do it",
        "userDefined": false
      }
    ],
    "isTemplate": false,
    "count": 0,
    "updated": 1510483711
  },
  {
    "id": "e597d1c6-b05a-4eaf-92fd-eaf7e6c2b157",
    "data": [
      {
        "text": "yes",
        "userDefined": false
      }
    ],
    "isTemplate": false,
    "count": 0,
    "updated": 1510483711
  },
  {
    "id": "ab5fe4c1-7069-420d-8393-c7c87c1cbfe4",
    "data": [
      {
        "text": "okay",
        "userDefined": false
      }
    ],
    "isTemplate": false,
    "count": 0,
    "updated": 1510483711
  },
  {
    "id": "0f0091b9-b890-4d46-9b08-c661ddb45f63",
    "data": [
      {
        "text": "ok",
        "userDefined": false
      }
    ],
    "isTemplate": false,
    "count": 0,
    "updated": 1510483711
  }
]