[
  {
    "id": "d1f2cd52-9bac-4dd0-b59b-8cf7d4a7b5f9",
    "data": [
      {
        "text": "exactly",
        "userDefined": false
      }
    ],
    "isTemplate": false,
    "count": 0
  },
  {
    "id": "0cdf3f8c-c9fb-4937-89bd-4c1e922865c2",
    "data": [
      {
        "text": "i dont mind",
        "userDefined": false
      }
    ],
    "isTemplate": false,
    "count": 0
  },
  {
    "id": "9cba4e25-805b-41cf-bd53-0e06ae15de81",
    "data": [
      {
        "text": "i agree",
        "userDefined": false
      }
    ],
    "isTemplate": false,
    "count": 0
  },
  {
    "id": "31d5d561-1ff2-4b9e-a9f5-29453a088ed6",
    "data": [
      {
        "text": "of course",
        "userDefined": false
      }
    ],
    "isTemplate": false,
    "count": 0
  },
  {
    "id": "b3f59ef5-adf1-4351-9c9a-e46a1726cc2a",
    "data": [
      {
        "text": "thats correct",
        "userDefined": false
      }
    ],
    "isTemplate": false,
    "count": 0
  },
  {
    "id": "9df139d8-c79b-45d1-a5d9-0c5bdf3cf156",
    "data": [
      {
        "text": "sounds good",
        "userDefined": false
      }
    ],
    "isTemplate": false,
    "count": 0
  },
  {
    "id": "b094e412-7309-41f9-8b44-38f193346409",
    "data": [
      {
        "text": "confirm",
        "userDefined": false
      }
    ],
    "isTemplate": false,
    "count": 0
  },
  {
    "id": "c96cdf0b-5ab3-4d20-bd1d-5a8b542163bb",
    "data": [
      {
        "text": "sure",
        "userDefined": false
      }
    ],
    "isTemplate": false,
    "count": 0
  },
  {
    "id": "3ac978af-04fa-4191-8ca7-12d5e770795a",
    "data": [
      {
        "text": "do it",
        "userDefined": false
      }
    ],
    "isTemplate": false,
    "count": 0
  },
  {
    "id": "aa31bd93-dcbd-4ece-9a12-b9f4c601256b",
    "data": [
      {
        "text": "yes",
        "userDefined": false
      }
    ],
    "isTemplate": false,
    "count": 0
  },
  {
    "id": "6635bb75-3cf9-4cdf-8ff1-324ca63fab12",
    "data": [
      {
        "text": "okay",
        "userDefined": false
      }
    ],
    "isTemplate": false,
    "count": 0
  },
  {
    "id": "c467fb56-46c0-4716-b899-836fb3b6f442",
    "data": [
      {
        "text": "ok",
        "userDefined": false
      }
    ],
    "isTemplate": false,
    "count": 0
  }
]