[
  {
    "id": "cdcb373b-c50a-429c-97b7-f393b4dc5ab2",
    "data": [
      {
        "text": "do i have an ",
        "userDefined": false
      },
      {
        "text": "appointment",
        "alias": "appointment",
        "meta": "@appointment",
        "userDefined": false
      }
    ],
    "isTemplate": false,
    "count": 0
  },
  {
    "id": "bae603f2-4576-4d58-9101-0d9433bff872",
    "data": [
      {
        "text": "Get",
        "alias": "get-list",
        "meta": "@get-list",
        "userDefined": true
      },
      {
        "text": " me my list of ",
        "userDefined": false
      },
      {
        "text": "appointments",
        "alias": "appointment",
        "meta": "@appointment",
        "userDefined": false
      }
    ],
    "isTemplate": false,
    "count": 0,
    "updated": 1510115574
  },
  {
    "id": "47903dd2-49ef-4991-8242-66a71dadb002",
    "data": [
      {
        "text": "show me",
        "alias": "get-list",
        "meta": "@get-list",
        "userDefined": false
      },
      {
        "text": " my ",
        "userDefined": false
      },
      {
        "text": "appointments",
        "alias": "appointment",
        "meta": "@appointment",
        "userDefined": false
      }
    ],
    "isTemplate": false,
    "count": 0,
    "updated": 0
  },
  {
    "id": "8e96bc8e-f645-4692-92f5-5bc7c62ee3bf",
    "data": [
      {
        "text": "get",
        "alias": "get-list",
        "meta": "@get-list",
        "userDefined": false
      },
      {
        "text": " my ",
        "userDefined": false
      },
      {
        "text": "appointment",
        "alias": "appointment",
        "meta": "@appointment",
        "userDefined": false
      }
    ],
    "isTemplate": false,
    "count": 0,
    "updated": 0
  },
  {
    "id": "7cc12eca-3646-4a10-9ed3-19a8e9558333",
    "data": [
      {
        "text": "show",
        "alias": "get-list",
        "meta": "@get-list",
        "userDefined": false
      },
      {
        "text": " existing ",
        "userDefined": false
      },
      {
        "text": "appointments",
        "alias": "appointment",
        "meta": "@appointment",
        "userDefined": false
      }
    ],
    "isTemplate": false,
    "count": 0,
    "updated": 0
  },
  {
    "id": "71280ac1-6ab7-492e-bb48-7b0d87952250",
    "data": [
      {
        "text": "show",
        "alias": "get-list",
        "meta": "@get-list",
        "userDefined": true
      },
      {
        "text": " me my ",
        "userDefined": false
      },
      {
        "text": "appointments",
        "alias": "appointment",
        "meta": "@appointment",
        "userDefined": false
      }
    ],
    "isTemplate": false,
    "count": 1,
    "updated": 0
  }
]